rows,inserts,deletes,duration_ms
6929,6929,0,0.51289
1732,1732,0,0.030997
173,173,0,0.156408
6929,6929,0,0.371943
1732,1732,0,0.035157
173,173,0,0.116131
6929,6929,0,0.232787
1732,1732,0,0.035654
173,173,0,0.135387
6929,6929,0,0.49859
1732,1732,0,0.044656
173,173,0,0.120791
6929,6929,0,0.243611
1732,1732,0,0.029171
173,173,0,0.133492
6929,6929,0,0.261445
1732,1732,0,0.07573
173,173,0,0.134643
6929,6929,0,0.251472
1732,1732,0,0.035699
173,173,0,0.131543
6929,6929,0,0.791237
1732,1732,0,0.030438
173,173,0,0.121793
6929,6929,0,0.210558
1732,1732,0,0.031521
173,173,0,0.169926
6929,6929,0,0.290548
1732,1732,0,0.113996
173,173,0,0.123183
6929,6929,0,0.235218
1732,1732,0,0.028615
173,173,0,0.123161
6929,6929,0,0.246484
1732,1732,0,0.028909
173,173,0,0.12948
6929,6929,0,0.241151
1732,1732,0,0.042944
173,173,0,0.142251
6929,6929,0,0.279939
1732,1732,0,0.029927
173,173,0,0.125314
6929,6929,0,1.36871
1732,1732,0,0.034172
173,173,0,0.120294
6929,6929,0,0.226955
1732,1732,0,0.031946
173,173,0,0.118943
6929,6929,0,0.217258
1732,1732,0,0.031713
173,173,0,0.117796
6929,6929,0,0.222558
1732,1732,0,0.027512
173,173,0,0.220339
6929,6929,0,0.230681
1732,1732,0,0.174717
173,173,0,0.126552
6929,6929,0,0.42851
1732,1732,0,0.030442
173,173,0,0.133939
6929,6929,0,0.269312
1732,1732,0,0.033474
173,173,0,0.129264
6929,6929,0,0.276273
1732,1732,0,0.032718
173,173,0,0.150394
6929,6929,0,0.290946
1732,1732,0,0.032535
173,173,0,0.129656
6929,6929,0,0.286946
1732,1732,0,0.030766
173,173,0,0.128929
6929,6929,0,0.293938
1732,1732,0,0.052443
173,173,0,0.147371
6929,6929,0,0.272926
1732,1732,0,0.030053
173,173,0,0.130658
6929,6929,0,0.272792
1732,1732,0,0.029459
173,173,0,0.125504
6929,6929,0,0.267953
1732,1732,0,0.033509
173,173,0,0.129451
6929,6929,0,0.331797
1732,1732,0,0.034076
173,173,0,0.131932
6929,6929,0,2.08494
1732,1732,0,0.032652
173,173,0,0.128319
6929,6929,0,0.22835
1732,1732,0,0.031265
173,173,0,0.121917
6929,6929,0,0.217952
1732,1732,0,0.032497
173,173,0,0.12242
6929,6929,0,0.229476
1732,1732,0,0.03168
173,173,0,0.124924
6929,6929,0,0.260076
1732,1732,0,0.03391
173,173,0,0.129262
6929,6929,0,0.247882
1732,1732,0,0.031887
173,173,0,0.131541
6929,6929,0,0.244343
1732,1732,0,0.035599
173,173,0,0.356117
6929,6929,0,0.235085
1732,1732,0,0.291817
173,173,0,0.131816
6929,6929,0,0.254257
1732,1732,0,0.032023
173,173,0,0.126543
6929,6929,0,0.244336
1732,1732,0,0.031942
173,173,0,0.127118
6929,6929,0,0.530241
1732,1732,0,0.036172
173,173,0,0.127117
6929,6929,0,0.260263
1732,1732,0,0.031248
173,173,0,0.13669
6929,6929,0,0.284781
1732,1732,0,0.03146
173,173,0,0.133192
6929,6929,0,0.271032
1732,1732,0,0.031542
173,173,0,0.134815
6929,6929,0,0.281683
1732,1732,0,0.029088
173,173,0,0.125968
6929,6929,0,0.252995
1732,1732,0,0.030214
173,173,0,0.127019
6929,6929,0,0.268003
1732,1732,0,0.032105
173,173,0,0.126522
6929,6929,0,0.259489
1732,1732,0,0.034052
173,173,0,0.128696
6929,6929,0,0.256566
1732,1732,0,0.078263
173,173,0,0.179244
6929,6929,0,0.268134
1732,1732,0,0.032459
173,173,0,0.126638
6929,6929,0,0.268773
1732,1732,0,0.03274
173,173,0,0.160646
6929,6929,0,0.272195
1732,1732,0,0.030624
173,173,0,0.135369
6929,6929,0,0.2802
1732,1732,0,0.031099
173,173,0,0.138884
6929,6929,0,0.281339
1732,1732,0,0.031158
173,173,0,0.125737
6929,6929,0,0.283345
1732,1732,0,0.03231
173,173,0,0.129808
6929,6929,0,0.264569
1732,1732,0,0.033366
173,173,0,0.125993
6929,6929,0,0.27455
1732,1732,0,0.034001
173,173,0,0.127255
6929,6929,0,0.271301
1732,1732,0,0.027524
173,173,0,0.127914
6929,6929,0,0.257818
1732,1732,0,0.031899
173,173,0,0.125977
6929,6929,0,0.273481
1732,1732,0,0.033443
173,173,0,0.155998
6929,6929,0,0.268331
1732,1732,0,0.031224
173,173,0,0.130031
6929,6929,0,0.283194
1732,1732,0,0.031371
173,173,0,0.128856
6929,6929,0,3.89026
1732,1732,0,0.033464
173,173,0,0.127636
6929,6929,0,0.243046
1732,1732,0,0.038128
173,173,0,0.131978
6929,6929,0,0.238472
1732,1732,0,0.037727
173,173,0,0.127736
6929,6929,0,0.235828
1732,1732,0,0.03154
173,173,0,0.130447
6929,6929,0,0.266954
1732,1732,0,0.036729
173,173,0,0.132074
6929,6929,0,0.249339
1732,1732,0,0.038771
173,173,0,0.1389
6929,6929,0,0.253002
1732,1732,0,0.047884
173,173,0,0.12843
6929,6929,0,0.244058
1732,1732,0,0.036849
173,173,0,0.137043
6929,6929,0,0.235572
1732,1732,0,0.030794
173,173,0,0.130885
6929,6929,0,0.23067
1732,1732,0,0.035838
173,173,0,0.129906
6929,6929,0,0.247065
1732,1732,0,0.036897
173,173,0,0.661984
6929,6929,0,0.24948
1732,1732,0,0.701996
173,173,0,0.142551
6929,6929,0,0.25828
1732,1732,0,0.037155
173,173,0,0.131392
6929,6929,0,0.25205
1732,1732,0,0.029672
173,173,0,0.131548
6929,6929,0,0.249335
1732,1732,0,0.045822
173,173,0,0.132514
6929,6929,0,0.255656
1732,1732,0,0.036548
173,173,0,0.131011
6929,6929,0,0.245486
1732,1732,0,0.033363
173,173,0,0.133247
6929,6929,0,0.25376
1732,1732,0,0.034414
173,173,0,0.138408
6929,6929,0,0.258252
1732,1732,0,0.031369
173,173,0,0.134133
6929,6929,0,0.257956
1732,1732,0,0.036191
173,173,0,0.133784
6929,6929,0,0.264185
1732,1732,0,0.03611
173,173,0,0.12993
6929,6929,0,0.258037
1732,1732,0,0.035276
173,173,0,0.132221
6929,6929,0,0.863007
1732,1732,0,0.043339
173,173,0,0.141067
6929,6929,0,0.285913
1732,1732,0,0.034081
173,173,0,0.146174
6929,6929,0,0.278157
1732,1732,0,0.036177
173,173,0,0.14132
6929,6929,0,0.283681
1732,1732,0,0.038192
173,173,0,0.135315
6929,6929,0,0.273435
1732,1732,0,0.034568
173,173,0,0.130338
6929,6929,0,0.270926
1732,1732,0,0.034944
173,173,0,0.1357
6929,6929,0,0.258949
1732,1732,0,0.032675
173,173,0,0.134538
6929,6929,0,0.268915
1732,1732,0,0.038649
173,173,0,0.133996
6929,6929,0,0.272415
1732,1732,0,0.035364
173,173,0,0.132999
6929,6929,0,0.287148
1732,1732,0,0.040606
173,173,0,0.133057
6929,6929,0,0.271944
1732,1732,0,0.035172
173,173,0,0.135043
6929,6929,0,0.269773
1732,1732,0,0.13713
173,173,0,0.142212
6929,6929,0,0.282007
1732,1732,0,0.036037
173,173,0,0.14141
6929,6929,0,0.26959
1732,1732,0,0.036437
173,173,0,0.135625
6929,6929,0,0.27827
1732,1732,0,0.036166
173,173,0,0.274055
6929,6929,0,0.282717
1732,1732,0,0.041031
173,173,0,0.135228
6929,6929,0,0.286991
1732,1732,0,0.04153
173,173,0,0.132832
6929,6929,0,0.316777
1732,1732,0,0.040976
173,173,0,0.14325
6929,6929,0,0.287676
1732,1732,0,0.055519
173,173,0,0.138641
6929,6929,0,0.304474
1732,1732,0,0.040205
173,173,0,0.148653
6929,6929,0,0.282428
1732,1732,0,0.044731
173,173,0,0.132829
6929,6929,0,0.269916
1732,1732,0,0.035607
173,173,0,0.136896
6929,6929,0,0.269002
1732,1732,0,0.0439
173,173,0,0.134103
6929,6929,0,0.271075
1732,1732,0,0.034129
173,173,0,0.137183
6929,6929,0,0.280566
1732,1732,0,0.035464
173,173,0,0.137905
6929,6929,0,0.635035
1732,1732,0,0.037191
173,173,0,0.137999
6929,6929,0,0.264358
1732,1732,0,0.033741
173,173,0,0.140299
6929,6929,0,0.269635
1732,1732,0,0.041591
173,173,0,0.5949
6929,6929,0,0.276831
1732,1732,0,0.039803
173,173,0,0.128679
6929,6929,0,0.263432
1732,1732,0,0.038495
173,173,0,0.122924
6929,6929,0,0.265579
1732,1732,0,0.045887
173,173,0,0.128145
6929,6929,0,0.258753
1732,1732,0,0.040232
173,173,0,0.127389
6929,6929,0,0.264689
1732,1732,0,0.039867
173,173,0,0.165932
6929,6929,0,0.281102
1732,1732,0,0.037289
173,173,0,0.136372
6929,6929,0,0.279406
1732,1732,0,0.038168
173,173,0,0.136972
6929,6929,0,0.301856
1732,1732,0,0.042472
173,173,0,0.125578
6929,6929,0,0.274237
1732,1732,0,0.044014
173,173,0,0.129813
6929,6929,0,0.272236
1732,1732,0,0.042858
173,173,0,0.131317
6929,6929,0,0.266153
1732,1732,0,0.048216
173,173,0,0.129576
6929,6929,0,0.274297
1732,1732,0,0.040589
173,173,0,0.130067
6929,6929,0,0.284542
1732,1732,0,0.040029
173,173,0,0.132033
6929,6929,0,0.319097
1732,1732,0,0.044615
173,173,0,0.127852
6929,6929,0,0.300893
1732,1732,0,0.04006
173,173,0,0.141185
6929,6929,0,0.288991
1732,1732,0,0.046385
173,173,0,0.134175
6929,6929,0,0.292902
1732,1732,0,0.048688
173,173,0,0.137479
6929,6929,0,0.292932
1732,1732,0,0.03739
173,173,0,0.134238
6929,6929,0,0.280621
1732,1732,0,0.043813
173,173,0,0.13443
6929,6929,0,0.271437
1732,1732,0,0.043111
173,173,0,0.132027
6929,6929,0,0.297187
1732,1732,0,0.043974
173,173,0,0.13276
6929,6929,0,0.284974
1732,1732,0,0.039668
173,173,0,0.134819
6929,6929,0,7.76879
1732,1732,0,0.040962
173,173,0,0.161749
6929,6929,0,0.27332
1732,1732,0,0.051441
173,173,0,0.153987
6929,6929,0,0.266982
1732,1732,0,0.065121
173,173,0,0.152838
6929,6929,0,0.275155
1732,1732,0,0.055091
173,173,0,0.144376
6929,6929,0,0.256774
1732,1732,0,0.041471
173,173,0,0.141273
6929,6929,0,0.2474
1732,1732,0,0.044913
173,173,0,0.146987
6929,6929,0,0.25292
1732,1732,0,0.041791
173,173,0,0.145314
6929,6929,0,0.255249
1732,1732,0,0.077833
173,173,0,0.144487
6929,6929,0,0.281495
1732,1732,0,0.043117
173,173,0,0.14213
6929,6929,0,0.262778
1732,1732,0,0.041398
173,173,0,1.23693
6929,6929,0,0.26284
1732,1732,0,1.45185
173,173,0,0.146765
6929,6929,0,0.279206
1732,1732,0,0.044178
173,173,0,0.135807
6929,6929,0,0.253156
1732,1732,0,0.047898
173,173,0,0.161694
6929,6929,0,0.271354
1732,1732,0,0.041667
173,173,0,0.150654
6929,6929,0,0.268584
1732,1732,0,0.046916
173,173,0,0.137406
6929,6929,0,0.270007
1732,1732,0,0.043767
173,173,0,0.142074
6929,6929,0,0.277278
1732,1732,0,0.037176
173,173,0,0.131401
6929,6929,0,0.260672
1732,1732,0,0.042997
173,173,0,0.133985
6929,6929,0,0.258766
1732,1732,0,0.048939
173,173,0,0.135494
6929,6929,0,0.258852
1732,1732,0,0.039864
173,173,0,0.133626
6929,6929,0,0.268008
1732,1732,0,0.043792
173,173,0,0.136298
6929,6929,0,0.275437
1732,1732,0,0.04169
173,173,0,0.135687
6929,6929,0,0.257892
1732,1732,0,0.043679
173,173,0,0.136187
6929,6929,0,0.277588
1732,1732,0,0.037861
173,173,0,0.140883
6929,6929,0,0.262116
1732,1732,0,0.04481
173,173,0,0.136831
6929,6929,0,0.25921
1732,1732,0,0.040946
173,173,0,0.13393
6929,6929,0,0.261369
1732,1732,0,0.042004
173,173,0,0.139059
6929,6929,0,0.266034
1732,1732,0,0.040015
173,173,0,0.138312
6929,6929,0,0.282425
1732,1732,0,0.045139
173,173,0,0.134776
6929,6929,0,0.28789
1732,1732,0,0.050024
173,173,0,0.136994
6929,6929,0,0.298198
1732,1732,0,0.039986
173,173,0,0.14811
6929,6929,0,0.304441
1732,1732,0,0.049846
173,173,0,0.146065
6929,6929,0,0.307447
1732,1732,0,0.050827
173,173,0,0.137874
6929,6929,0,0.270114
1732,1732,0,0.044104
173,173,0,0.1368
6929,6929,0,0.275858
1732,1732,0,0.039519
173,173,0,0.136021
6929,6929,0,0.289052
1732,1732,0,0.041252
173,173,0,0.16071
6929,6929,0,0.297895
1732,1732,0,0.044537
173,173,0,0.147057
6929,6929,0,0.298768
1732,1732,0,0.043829
173,173,0,0.140703
6929,6929,0,0.311284
1732,1732,0,0.045647
173,173,0,0.140223
6929,6929,0,0.287009
1732,1732,0,0.045186
173,173,0,0.137244
6929,6929,0,0.292482
1732,1732,0,0.040687
173,173,0,0.135922
6929,6929,0,0.281994
1732,1732,0,0.067264
173,173,0,0.14013
6929,6929,0,0.274543
1732,1732,0,0.042407
173,173,0,0.144413
6929,6929,0,0.287846
1732,1732,0,0.048129
173,173,0,0.142969
6929,6929,0,0.299053
1732,1732,0,0.047319
173,173,0,0.137353
6929,6929,0,0.297596
1732,1732,0,0.04533
173,173,0,0.139653
6929,6929,0,0.312521
1732,1732,0,0.049766
173,173,0,0.151703
6929,6929,0,0.309498
1732,1732,0,0.05406
173,173,0,0.149383
6929,6929,0,0.310219
1732,1732,0,0.048042
173,173,0,0.152233
6929,6929,0,0.295206
1732,1732,0,0.043275
173,173,0,0.133359
6929,6929,0,0.288458
1732,1732,0,0.048559
173,173,0,0.137674
6929,6929,0,0.295063
1732,1732,0,0.048075
173,173,0,0.140042
6929,6929,0,0.298803
1732,1732,0,0.035282
173,173,0,0.1384
6929,6929,0,0.295279
1732,1732,0,0.301774
173,173,0,0.155942
6929,6929,0,0.304449
1732,1732,0,0.048905
173,173,0,0.154032
6929,6929,0,1.66189
1732,1732,0,0.048858
173,173,0,0.157168
6929,6929,0,0.750561
1732,1732,0,0.050739
173,173,0,0.168268
6929,6929,0,0.286231
1732,1732,0,0.044748
173,173,0,0.154014
6929,6929,0,0.316765
1732,1732,0,0.046433
173,173,0,0.169336
6929,6929,0,0.30724
1732,1732,0,0.060076
173,173,0,0.173146
6929,6929,0,0.32061
1732,1732,0,0.043221
173,173,0,0.161819
6929,6929,0,0.289391
1732,1732,0,0.05927
173,173,0,0.161218
6929,6929,0,0.306697
1732,1732,0,0.046444
173,173,0,0.173271
6929,6929,0,0.315848
1732,1732,0,0.046823
173,173,0,0.159931
6929,6929,0,0.294607
1732,1732,0,0.047561
173,173,0,0.15898
6929,6929,0,0.292758
1732,1732,0,0.047799
173,173,0,0.184468
6929,6929,0,0.310356
1732,1732,0,0.050945
173,173,0,0.161574
6929,6929,0,0.289886
1732,1732,0,0.053588
173,173,0,0.224772
6929,6929,0,0.356901
1732,1732,0,0.053959
173,173,0,0.490769
6929,6929,0,0.31073
1732,1732,0,0.051911
173,173,0,0.15862
6929,6929,0,0.297435
1732,1732,0,0.049483
173,173,0,0.155846
6929,6929,0,0.296745
1732,1732,0,0.060658
173,173,0,0.155684
6929,6929,0,0.316884
1732,1732,0,0.046427
173,173,0,0.173716
6929,6929,0,0.304405
1732,1732,0,0.048585
173,173,0,0.165734
6929,6929,0,0.305006
1732,1732,0,0.053315
173,173,0,0.165532
6929,6929,0,0.312988
1732,1732,0,0.052275
173,173,0,0.151847
6929,6929,0,0.302114
1732,1732,0,0.058952
173,173,0,0.156499
6929,6929,0,0.294809
1732,1732,0,0.050367
173,173,0,0.156931
6929,6929,0,0.287884
1732,1732,0,0.05559
173,173,0,0.146514
6929,6929,0,0.301591
1732,1732,0,0.057436
173,173,0,0.150534
6929,6929,0,0.312793
1732,1732,0,0.049765
173,173,0,0.157452
6929,6929,0,0.286491
1732,1732,0,0.05245
173,173,0,0.149905
6929,6929,0,0.302667
1732,1732,0,0.05586
173,173,0,0.153962
6929,6929,0,0.297095
1732,1732,0,0.052358
173,173,0,0.149853
6929,6929,0,0.29695
1732,1732,0,0.046247
173,173,0,0.153036
6929,6929,0,0.301873
1732,1732,0,0.054905
173,173,0,0.146913
6929,6929,0,0.307841
1732,1732,0,0.044992
173,173,0,0.152577
6929,6929,0,0.292557
1732,1732,0,0.057533
173,173,0,0.158242
6929,6929,0,0.302029
1732,1732,0,0.050735
173,173,0,0.159348
6929,6929,0,0.30575
1732,1732,0,0.058071
173,173,0,0.15589
6929,6929,0,0.30124
1732,1732,0,0.043195
173,173,0,0.15672
6929,6929,0,0.336803
1732,1732,0,0.052733
173,173,0,0.16109
6929,6929,0,0.30044
1732,1732,0,0.047884
173,173,0,0.157142
6929,6929,0,0.310224
1732,1732,0,0.046673
173,173,0,0.152796
6929,6929,0,0.309483
1732,1732,0,0.050524
173,173,0,0.149203
6929,6929,0,0.295101
1732,1732,0,0.076864
173,173,0,0.156435
6929,6929,0,0.328474
1732,1732,0,0.05169
173,173,0,0.160216
6929,6929,0,0.314911
1732,1732,0,0.048616
173,173,0,0.161397
6929,6929,0,0.316798
1732,1732,0,0.054084
173,173,0,0.172406
6929,6929,0,0.309718
1732,1732,0,0.047353
173,173,0,0.153914
6929,6929,0,0.30423
1732,1732,0,0.048624
173,173,0,0.158631
6929,6929,0,0.307272
1732,1732,0,0.04841
173,173,0,0.157247
6929,6929,0,0.315015
1732,1732,0,0.052626
173,173,0,0.153985
6929,6929,0,0.312193
1732,1732,0,0.059252
173,173,0,0.154818
6929,6929,0,0.30096
1732,1732,0,0.05413
173,173,0,0.155303
6929,6929,0,0.313135
1732,1732,0,0.060306
173,173,0,0.157658
6929,6929,0,0.306574
1732,1732,0,0.053952
173,173,0,0.151256
6929,6929,0,0.301829
1732,1732,0,0.046707
173,173,0,0.161345
6929,6929,0,0.296736
1732,1732,0,0.058567
173,173,0,0.160053
6929,6929,0,0.301652
1732,1732,0,0.059826
173,173,0,0.160266
6929,6929,0,0.295656
1732,1732,0,0.054033
173,173,0,0.611959
6929,6929,0,0.320369
1732,1732,0,0.054964
173,173,0,0.148076
6929,6929,0,0.307557
1732,1732,0,0.051402
173,173,0,0.151978
6929,6929,0,0.31937
1732,1732,0,0.052002
173,173,0,0.151178
6929,6929,0,0.300364
1732,1732,0,0.058065
173,173,0,0.148936
6929,6929,0,0.320027
1732,1732,0,0.053694
173,173,0,0.141837
6929,6929,0,0.314816
1732,1732,0,0.057298
173,173,0,0.149113
6929,6929,0,0.314754
1732,1732,0,0.059471
173,173,0,0.155129
6929,6929,0,0.3232
1732,1732,0,0.052047
173,173,0,0.144913
6929,6929,0,0.762402
1732,1732,0,0.057575
173,173,0,0.140523
6929,6929,0,0.316817
1732,1732,0,0.058891
173,173,0,0.148703
6929,6929,0,0.327971
1732,1732,0,0.052332
173,173,0,0.149081
6929,6929,0,0.317168
1732,1732,0,0.055919
173,173,0,0.152085
6929,6929,0,0.310125
1732,1732,0,0.056996
173,173,0,0.146826
6929,6929,0,0.319297
1732,1732,0,0.054662
173,173,0,0.155873
6929,6929,0,0.320623
1732,1732,0,0.054392
173,173,0,0.152902
6929,6929,0,0.3114
1732,1732,0,0.044329
173,173,0,0.151736
6929,6929,0,0.308647
1732,1732,0,0.057472
173,173,0,0.150939
6929,6929,0,0.324176
1732,1732,0,0.054242
173,173,0,0.153858
6929,6929,0,0.339765
1732,1732,0,0.051991
173,173,0,0.156904
6929,6929,0,0.313265
1732,1732,0,0.052074
173,173,0,0.160523
6929,6929,0,0.309004
1732,1732,0,0.063385
173,173,0,0.152584
6929,6929,0,0.324047
1732,1732,0,0.058657
173,173,0,0.150398
6929,6929,0,0.322712
1732,1732,0,0.058744
173,173,0,0.155411
6929,6929,0,0.324327
1732,1732,0,0.050996
173,173,0,0.151635
6929,6929,0,0.319397
1732,1732,0,0.059234
173,173,0,0.155997
6929,6929,0,0.318037
1732,1732,0,0.048596
173,173,0,0.148367
6929,6929,0,0.309577
1732,1732,0,0.053469
173,173,0,0.15369
6929,6929,0,0.330418
1732,1732,0,0.057265
173,173,0,0.15258
6929,6929,0,0.325048
1732,1732,0,0.056014
173,173,0,0.153184
6929,6929,0,0.324072
1732,1732,0,0.061079
173,173,0,0.151962
6929,6929,0,0.330469
1732,1732,0,0.052653
173,173,0,0.151979
6929,6929,0,0.309812
1732,1732,0,0.052419
173,173,0,0.153945
6929,6929,0,0.330641
1732,1732,0,0.056937
173,173,0,0.162729
6929,6929,0,0.323042
1732,1732,0,0.061881
173,173,0,0.152773
6929,6929,0,0.320221
1732,1732,0,0.057481
173,173,0,0.15103
6929,6929,0,0.344077
1732,1732,0,0.061426
173,173,0,0.16073
6929,6929,0,0.339733
1732,1732,0,0.056534
173,173,0,0.156498
6929,6929,0,0.331426
1732,1732,0,0.369717
173,173,0,0.155413
6929,6929,0,0.644431
1732,1732,0,0.055008
173,173,0,0.151133
6929,6929,0,0.311093
1732,1732,0,0.058542
173,173,0,0.151875
6929,6929,0,0.320582
1732,1732,0,0.050784
173,173,0,2.58531
6929,6929,0,0.344978
1732,1732,0,2.24725
173,173,0,0.156934
6929,6929,0,0.351452
1732,1732,0,0.060731
173,173,0,0.151581
6929,6929,0,0.347316
1732,1732,0,0.057905
173,173,0,0.144198
6929,6929,0,0.349878
1732,1732,0,0.056589
173,173,0,0.147764
6929,6929,0,0.350805
1732,1732,0,0.056983
173,173,0,0.155584
6929,6929,0,0.349396
1732,1732,0,0.051486
173,173,0,0.144217
6929,6929,0,0.340609
1732,1732,0,0.113956
173,173,0,0.149613
6929,6929,0,0.339448
1732,1732,0,0.045273
173,173,0,0.143383
6929,6929,0,0.344622
1732,1732,0,0.057052
173,173,0,0.152685
6929,6929,0,0.352838
1732,1732,0,0.054804
173,173,0,0.145784
6929,6929,0,0.348085
1732,1732,0,0.048777
173,173,0,0.148873
6929,6929,0,0.353169
1732,1732,0,0.054729
173,173,0,0.150251
6929,6929,0,0.360609
1732,1732,0,0.053879
173,173,0,0.153231
6929,6929,0,0.369443
1732,1732,0,0.053257
173,173,0,0.153708
6929,6929,0,0.3444
1732,1732,0,0.051433
173,173,0,0.150545
6929,6929,0,0.346617
1732,1732,0,0.062306
173,173,0,0.15193
6929,6929,0,0.352419
1732,1732,0,0.055377
173,173,0,0.15453
6929,6929,0,0.34899
1732,1732,0,0.054391
173,173,0,0.1526
6929,6929,0,0.354996
1732,1732,0,0.060829
173,173,0,0.151504
6929,6929,0,0.358649
1732,1732,0,0.053953
173,173,0,0.164619
6929,6929,0,0.368806
1732,1732,0,0.050381
173,173,0,0.156483
6929,6929,0,0.353919
1732,1732,0,0.049862
173,173,0,0.152825
6929,6929,0,0.350006
1732,1732,0,0.052067
173,173,0,0.160717
6929,6929,0,0.351285
1732,1732,0,0.062999
173,173,0,0.153721
6929,6929,0,0.352044
1732,1732,0,0.063397
173,173,0,0.148549
6929,6929,0,0.345683
1732,1732,0,0.060204
173,173,0,0.154798
6929,6929,0,0.346219
1732,1732,0,0.053149
173,173,0,0.160369
6929,6929,0,0.36094
1732,1732,0,0.073738
173,173,0,0.166989
6929,6929,0,0.349912
1732,1732,0,0.048182
173,173,0,0.171258
6929,6929,0,0.362627
1732,1732,0,0.061504
173,173,0,0.161481
6929,6929,0,0.371104
1732,1732,0,0.056958
173,173,0,0.15321
6929,6929,0,0.354715
1732,1732,0,0.057505
173,173,0,0.164285
6929,6929,0,0.349376
1732,1732,0,0.048996
173,173,0,0.160619
6929,6929,0,0.356134
1732,1732,0,0.060161
173,173,0,0.163205
6929,6929,0,0.350587
1732,1732,0,0.05603
173,173,0,0.177016
6929,6929,0,0.36323
1732,1732,0,0.05149
173,173,0,0.16973
6929,6929,0,0.362147
1732,1732,0,0.05574
173,173,0,0.167171
6929,6929,0,0.333982
1732,1732,0,0.056526
173,173,0,0.174433
6929,6929,0,0.340201
1732,1732,0,0.06338
173,173,0,0.174089
6929,6929,0,0.357218
1732,1732,0,0.057696
173,173,0,0.165006
6929,6929,0,0.339526
1732,1732,0,0.058402
173,173,0,0.174632
6929,6929,0,17.2111
1732,1732,0,0.083908
173,173,0,0.213595
6929,6929,0,0.327147
1732,1732,0,0.061261
173,173,0,0.192053
6929,6929,0,0.328296
1732,1732,0,0.074786
173,173,0,0.176955
6929,6929,0,0.298918
1732,1732,0,0.068538
173,173,0,0.176374
6929,6929,0,0.303831
1732,1732,0,0.058855
173,173,0,0.189336
6929,6929,0,0.309329
1732,1732,0,0.067972
173,173,0,0.183472
6929,6929,0,0.297857
1732,1732,0,0.068547
173,173,0,0.180619
6929,6929,0,0.289013
1732,1732,0,0.066905
173,173,0,0.178932
6929,6929,0,0.293229
1732,1732,0,0.056832
173,173,0,0.176052
6929,6929,0,0.285605
1732,1732,0,0.062089
173,173,0,0.176717
6929,6929,0,0.28697
1732,1732,0,0.059335
173,173,0,0.183335
6929,6929,0,0.293081
1732,1732,0,0.058418
173,173,0,0.180832
6929,6929,0,0.296493
1732,1732,0,0.058047
173,173,0,0.18204
6929,6929,0,0.283364
1732,1732,0,0.063579
173,173,0,0.173735
6929,6929,0,0.325483
1732,1732,0,0.066911
173,173,0,0.186418
6929,6929,0,0.319703
1732,1732,0,0.051774
173,173,0,0.174457
6929,6929,0,0.313137
1732,1732,0,0.065762
173,173,0,0.166157
6929,6929,0,0.32279
1732,1732,0,0.060482
173,173,0,0.178961
6929,6929,0,0.294053
1732,1732,0,0.063111
173,173,0,0.17857
6929,6929,0,0.302757
1732,1732,0,0.06146
173,173,0,0.1756
6929,6929,0,0.301509
1732,1732,0,0.069722
173,173,0,0.168757
6929,6929,0,0.292632
1732,1732,0,0.06946
173,173,0,0.172702
6929,6929,0,0.285198
1732,1732,0,0.066411
173,173,0,0.178634
6929,6929,0,0.305262
1732,1732,0,0.070141
173,173,0,0.171377
6929,6929,0,0.293125
1732,1732,0,0.061469
173,173,0,0.175268
6929,6929,0,0.291599
1732,1732,0,0.055635
173,173,0,0.166285
6929,6929,0,0.298898
1732,1732,0,0.07021
173,173,0,0.183962
6929,6929,0,0.29271
1732,1732,0,0.070291
173,173,0,0.176053
6929,6929,0,0.306974
1732,1732,0,0.056233
173,173,0,0.171363
6929,6929,0,0.302726
1732,1732,0,0.078968
173,173,0,0.187752
6929,6929,0,0.304871
1732,1732,0,0.06245
173,173,0,0.170134
6929,6929,0,0.308625
1732,1732,0,0.082193
173,173,0,0.18248
6929,6929,0,0.322522
1732,1732,0,0.07254
173,173,0,0.182469
6929,6929,0,0.312246
1732,1732,0,0.08928
173,173,0,0.1896
6929,6929,0,0.307526
1732,1732,0,0.062311
173,173,0,0.18091
6929,6929,0,0.301889
1732,1732,0,0.062556
173,173,0,0.186861
6929,6929,0,0.310563
1732,1732,0,0.063343
173,173,0,0.181338
6929,6929,0,0.308174
1732,1732,0,0.062482
173,173,0,0.171299
6929,6929,0,0.305531
1732,1732,0,0.069197
173,173,0,0.176407
6929,6929,0,0.308553
1732,1732,0,0.068091
173,173,0,0.177624
6929,6929,0,0.303462
1732,1732,0,0.07311
173,173,0,0.181183
6929,6929,0,0.308171
1732,1732,0,0.093914
173,173,0,0.183764
6929,6929,0,0.301684
1732,1732,0,0.065022
173,173,0,0.188004
6929,6929,0,0.312028
1732,1732,0,0.062568
173,173,0,0.176911
6929,6929,0,0.309822
1732,1732,0,0.069845
173,173,0,0.179128
6929,6929,0,0.294126
1732,1732,0,0.626053
173,173,0,0.19605
6929,6929,0,0.328384
1732,1732,0,0.073649
173,173,0,0.179971
6929,6929,0,0.322373
1732,1732,0,0.066205
173,173,0,0.188499
6929,6929,0,0.313662
1732,1732,0,0.060666
173,173,0,0.176498
6929,6929,0,0.330822
1732,1732,0,0.075932
173,173,0,0.178901
6929,6929,0,0.300582
1732,1732,0,0.063344
173,173,0,0.177663
6929,6929,0,0.323091
1732,1732,0,0.065336
173,173,0,0.179868
6929,6929,0,0.31939
1732,1732,0,0.069897
173,173,0,0.181327
6929,6929,0,0.328533
1732,1732,0,0.062712
173,173,0,0.181007
6929,6929,0,0.325978
1732,1732,0,0.065367
173,173,0,0.175398
6929,6929,0,0.326029
1732,1732,0,0.062543
173,173,0,0.176469
6929,6929,0,0.322245
1732,1732,0,0.065119
173,173,0,0.290019
6929,6929,0,0.315411
1732,1732,0,0.058826
173,173,0,0.177851
6929,6929,0,0.32802
1732,1732,0,0.065572
173,173,0,0.176299
6929,6929,0,0.320592
1732,1732,0,0.063424
173,173,0,0.170989
6929,6929,0,0.32376
1732,1732,0,0.064761
173,173,0,0.187455
6929,6929,0,0.344778
1732,1732,0,0.07182
173,173,0,0.181862
6929,6929,0,0.31614
1732,1732,0,0.070024
173,173,0,0.177922
6929,6929,0,0.319943
1732,1732,0,0.065164
173,173,0,0.178576
6929,6929,0,0.335621
1732,1732,0,0.064618
173,173,0,0.184617
6929,6929,0,0.331299
1732,1732,0,0.066819
173,173,0,0.179767
6929,6929,0,0.326959
1732,1732,0,0.059939
173,173,0,0.179529
6929,6929,0,0.318704
1732,1732,0,0.060004
173,173,0,0.183182
6929,6929,0,0.329595
1732,1732,0,0.073562
173,173,0,0.179715
6929,6929,0,0.327006
1732,1732,0,0.074539
173,173,0,0.184348
6929,6929,0,0.318153
1732,1732,0,0.062637
173,173,0,0.173795
6929,6929,0,0.33448
1732,1732,0,0.061686
173,173,0,0.186106
6929,6929,0,0.313088
1732,1732,0,0.06424
173,173,0,0.17465
6929,6929,0,0.353579
1732,1732,0,0.072615
173,173,0,1.25407
6929,6929,0,1.04248
1732,1732,0,0.063246
173,173,0,0.15889
6929,6929,0,0.322599
1732,1732,0,0.068992
173,173,0,0.163885
6929,6929,0,0.328351
1732,1732,0,0.070478
173,173,0,0.166126
6929,6929,0,0.31212
1732,1732,0,0.05449
173,173,0,0.160786
6929,6929,0,0.307032
1732,1732,0,0.060816
173,173,0,0.160674
6929,6929,0,0.341506
1732,1732,0,0.059689
173,173,0,0.160205
6929,6929,0,0.319347
1732,1732,0,0.066076
173,173,0,0.170079
6929,6929,0,0.306103
1732,1732,0,0.058749
173,173,0,0.166469
6929,6929,0,0.319702
1732,1732,0,0.058274
173,173,0,0.166275
6929,6929,0,0.325079
1732,1732,0,0.057486
173,173,0,0.167194
6929,6929,0,0.331446
1732,1732,0,0.071784
173,173,0,0.167614
6929,6929,0,0.312192
1732,1732,0,0.063325
173,173,0,0.16219
6929,6929,0,0.324859
1732,1732,0,0.061042
173,173,0,0.163819
6929,6929,0,0.317351
1732,1732,0,0.054709
173,173,0,0.169473
6929,6929,0,0.325727
1732,1732,0,0.058633
173,173,0,0.165846
6929,6929,0,0.327964
1732,1732,0,0.076861
173,173,0,0.163374
6929,6929,0,0.790804
1732,1732,0,0.055364
173,173,0,0.165317
6929,6929,0,0.334825
1732,1732,0,0.075417
173,173,0,0.170292
6929,6929,0,0.333407
1732,1732,0,0.060801
173,173,0,0.174787
6929,6929,0,0.321244
1732,1732,0,0.057533
173,173,0,0.164933
6929,6929,0,0.335749
1732,1732,0,0.064969
173,173,0,0.170331
6929,6929,0,0.324731
1732,1732,0,0.06743
173,173,0,0.164355
6929,6929,0,0.320413
1732,1732,0,0.060042
173,173,0,0.168737
6929,6929,0,0.340429
1732,1732,0,0.057467
173,173,0,0.15985
6929,6929,0,0.322355
1732,1732,0,0.061213
173,173,0,0.167173
6929,6929,0,0.351173
1732,1732,0,0.067128
173,173,0,0.166671
6929,6929,0,0.324927
1732,1732,0,0.077075
173,173,0,0.164157
6929,6929,0,0.338288
1732,1732,0,0.07811
173,173,0,0.166973
6929,6929,0,0.325002
1732,1732,0,0.065381
173,173,0,0.171337
6929,6929,0,0.332631
1732,1732,0,0.071555
173,173,0,0.175653
6929,6929,0,0.328927
1732,1732,0,0.071336
173,173,0,0.188482
6929,6929,0,0.332396
1732,1732,0,0.066474
173,173,0,0.184321
6929,6929,0,0.350766
1732,1732,0,0.076556
173,173,0,0.170049
6929,6929,0,0.326219
1732,1732,0,0.06817
173,173,0,1.50944
6929,6929,0,0.365203
1732,1732,0,0.065672
173,173,0,0.158981
6929,6929,0,0.343474
1732,1732,0,0.058378
173,173,0,0.161213
6929,6929,0,0.33237
1732,1732,0,0.069974
173,173,0,0.160267
6929,6929,0,0.330138
1732,1732,0,0.077322
173,173,0,0.162098
6929,6929,0,0.329541
1732,1732,0,0.074684
173,173,0,0.159111
6929,6929,0,0.331351
1732,1732,0,0.067287
173,173,0,0.151302
6929,6929,0,0.344043
1732,1732,0,0.071862
173,173,0,0.155653
6929,6929,0,0.347953
1732,1732,0,0.078096
173,173,0,0.159671
6929,6929,0,0.330642
1732,1732,0,0.077052
173,173,0,0.156737
6929,6929,0,0.329456
1732,1732,0,0.073897
173,173,0,0.161309
6929,6929,0,0.332064
1732,1732,0,0.075287
173,173,0,0.158947
6929,6929,0,0.33858
1732,1732,0,0.064411
173,173,0,0.156354
6929,6929,0,0.334721
1732,1732,0,0.074986
173,173,0,0.153891
6929,6929,0,0.336775
1732,1732,0,0.074931
173,173,0,0.16108
6929,6929,0,0.338105
1732,1732,0,0.063904
173,173,0,0.160708
6929,6929,0,0.343548
1732,1732,0,0.069397
173,173,0,0.155605
6929,6929,0,0.346703
1732,1732,0,0.080398
173,173,0,0.160041
6929,6929,0,0.342858
1732,1732,0,0.061558
173,173,0,0.158726
6929,6929,0,0.34924
1732,1732,0,0.090334
173,173,0,0.164504
6929,6929,0,0.369016
1732,1732,0,0.072414
173,173,0,0.176853
6929,6929,0,0.35078
1732,1732,0,0.076115
173,173,0,0.16123
6929,6929,0,0.355645
1732,1732,0,0.078307
173,173,0,0.15681
6929,6929,0,0.349438
1732,1732,0,0.07984
173,173,0,0.158806
6929,6929,0,0.375634
1732,1732,0,0.078381
173,173,0,0.166677
6929,6929,0,0.347933
1732,1732,0,0.068433
173,173,0,0.164023
6929,6929,0,0.352434
1732,1732,0,0.070294
173,173,0,0.155012
6929,6929,0,0.352602
1732,1732,0,0.081426
173,173,0,0.175109
6929,6929,0,0.347725
1732,1732,0,0.063054
173,173,0,0.176353
6929,6929,0,0.332683
1732,1732,0,0.076025
173,173,0,0.168202
6929,6929,0,0.337994
1732,1732,0,0.073089
173,173,0,0.160536
6929,6929,0,0.369751
1732,1732,0,0.079229
173,173,0,0.177656
6929,6929,0,0.343843
1732,1732,0,0.082423
173,173,0,0.158987
6929,6929,0,0.336249
1732,1732,0,0.070599
173,173,0,0.162129
6929,6929,0,0.335175
1732,1732,0,0.080285
173,173,0,0.172531
6929,6929,0,0.357948
1732,1732,0,0.073701
173,173,0,0.1533
6929,6929,0,0.332546
1732,1732,0,0.070939
173,173,0,0.157653
6929,6929,0,0.346203
1732,1732,0,0.068782
173,173,0,0.185099
6929,6929,0,0.358207
1732,1732,0,0.072462
173,173,0,0.168351
6929,6929,0,0.376439
1732,1732,0,0.080212
173,173,0,0.179518
6929,6929,0,0.350291
1732,1732,0,0.076165
173,173,0,0.164577
6929,6929,0,0.340158
1732,1732,0,0.082121
173,173,0,0.166573
6929,6929,0,0.332867
1732,1732,0,0.080444
173,173,0,0.625857
6929,6929,0,0.358492
1732,1732,0,0.097207
173,173,0,0.160513
6929,6929,0,0.3587
1732,1732,0,0.071599
173,173,0,0.167407
6929,6929,0,0.348934
1732,1732,0,0.069798
173,173,0,0.166826
6929,6929,0,0.353247
1732,1732,0,0.072841
173,173,0,0.16903
6929,6929,0,0.336852
1732,1732,0,0.060617
173,173,0,0.167076
6929,6929,0,0.355408
1732,1732,0,0.095749
173,173,0,0.201427
6929,6929,0,0.375304
1732,1732,0,0.078893
173,173,0,0.1598
6929,6929,0,0.374836
1732,1732,0,0.080091
173,173,0,0.176313
6929,6929,0,0.384063
1732,1732,0,0.066949
173,173,0,0.17607
6929,6929,0,0.362634
1732,1732,0,0.077145
173,173,0,0.160669
6929,6929,0,0.360526
1732,1732,0,0.083612
173,173,0,0.169922
6929,6929,0,0.365379
1732,1732,0,0.072157
173,173,0,0.181003
6929,6929,0,0.35608
1732,1732,0,0.077928
173,173,0,0.169696
6929,6929,0,0.370937
1732,1732,0,0.098302
173,173,0,0.177292
6929,6929,0,0.373858
1732,1732,0,0.070768
173,173,0,0.189309
6929,6929,0,0.372659
1732,1732,0,0.082725
173,173,0,0.166586
6929,6929,0,0.359803
1732,1732,0,0.063995
173,173,0,0.167506
6929,6929,0,0.386064
1732,1732,0,0.059755
173,173,0,0.177092
6929,6929,0,0.384729
1732,1732,0,0.067202
173,173,0,0.181223
6929,6929,0,0.376149
1732,1732,0,0.083208
173,173,0,0.202867
6929,6929,0,0.391248
1732,1732,0,0.085601
173,173,0,0.184557
6929,6929,0,0.37723
1732,1732,0,0.068372
173,173,0,0.182458
6929,6929,0,0.363137
1732,1732,0,0.070562
173,173,0,0.166282
6929,6929,0,0.366394
1732,1732,0,0.071734
173,173,0,0.175699
6929,6929,0,0.353995
1732,1732,0,0.099613
173,173,0,0.170679
6929,6929,0,0.359039
1732,1732,0,0.084328
173,173,0,0.162927
6929,6929,0,0.362619
1732,1732,0,0.070807
173,173,0,0.172196
6929,6929,0,0.359385
1732,1732,0,0.084223
173,173,0,0.178788
6929,6929,0,0.357997
1732,1732,0,0.080246
173,173,0,0.174014
6929,6929,0,0.362206
1732,1732,0,0.085193
173,173,0,0.18394
6929,6929,0,0.396973
1732,1732,0,0.079461
173,173,0,0.19127
6929,6929,0,0.384325
1732,1732,0,0.075918
173,173,0,0.192129
6929,6929,0,0.410358
1732,1732,0,0.090739
173,173,0,0.198951
6929,6929,0,0.391769
1732,1732,0,0.077466
173,173,0,0.189936
6929,6929,0,0.37852
1732,1732,0,0.09529
173,173,0,0.181673
6929,6929,0,0.354688
1732,1732,0,0.07647
173,173,0,0.193019
6929,6929,0,0.386882
1732,1732,0,0.07946
173,173,0,0.483433
6929,6929,0,0.385351
1732,1732,0,0.075722
173,173,0,0.203738
6929,6929,0,0.417069
1732,1732,0,0.076287
173,173,0,0.189683
6929,6929,0,0.383672
1732,1732,0,0.083993
173,173,0,0.208253
6929,6929,0,0.361941
1732,1732,0,0.082752
173,173,0,0.178771
6929,6929,0,0.367062
1732,1732,0,0.092529
173,173,0,0.181765
6929,6929,0,0.362588
1732,1732,0,0.085107
173,173,0,0.176528
6929,6929,0,0.38109
1732,1732,0,0.082942
173,173,0,0.171401
6929,6929,0,0.39797
1732,1732,0,0.084022
173,173,0,0.18693
6929,6929,0,0.404968
1732,1732,0,0.095092
173,173,0,0.203681
6929,6929,0,0.3808
1732,1732,0,0.084737
173,173,0,0.187471
6929,6929,0,0.393851
1732,1732,0,0.086191
173,173,0,0.193995
6929,6929,0,0.403407
1732,1732,0,0.081264
173,173,0,0.194862
6929,6929,0,0.395808
1732,1732,0,0.090879
173,173,0,0.211826
6929,6929,0,0.403091
1732,1732,0,0.073618
173,173,0,0.195974
6929,6929,0,0.395622
1732,1732,0,0.082001
173,173,0,0.192867
6929,6929,0,2.31704
1732,1732,0,0.081372
173,173,0,0.216624
6929,6929,0,0.396431
1732,1732,0,0.086369
173,173,0,0.211806
6929,6929,0,0.424695
1732,1732,0,0.083627
173,173,0,0.204301
6929,6929,0,0.409768
1732,1732,0,0.085685
173,173,0,0.178193
6929,6929,0,0.880244
1732,1732,0,0.088803
173,173,0,0.191297
6929,6929,0,0.411858
1732,1732,0,0.082332
173,173,0,0.208991
6929,6929,0,0.403433
1732,1732,0,0.073618
173,173,0,0.191856
6929,6929,0,0.426868
1732,1732,0,0.079903
173,173,0,0.184606
6929,6929,0,0.387479
1732,1732,0,0.076141
173,173,0,0.185106
6929,6929,0,0.403376
1732,1732,0,0.082853
173,173,0,0.186376
6929,6929,0,0.402395
1732,1732,0,0.093488
173,173,0,0.181991
6929,6929,0,0.377464
1732,1732,0,0.090505
173,173,0,0.219992
6929,6929,0,0.410146
1732,1732,0,0.075282
173,173,0,0.199522
6929,6929,0,0.429033
1732,1732,0,0.086054
173,173,0,0.205302
6929,6929,0,0.411085
1732,1732,0,0.078413
173,173,0,0.17741
6929,6929,0,0.398639
1732,1732,0,0.079811
173,173,0,0.182967
6929,6929,0,0.37853
1732,1732,0,0.071746
173,173,0,0.188399
6929,6929,0,0.378478
1732,1732,0,0.108299
173,173,0,0.186932
6929,6929,0,0.41988
1732,1732,0,0.091082
173,173,0,0.18006
6929,6929,0,0.429624
1732,1732,0,0.083011
173,173,0,0.192817
6929,6929,0,0.398586
1732,1732,0,0.091277
173,173,0,0.204065
6929,6929,0,0.41656
1732,1732,0,0.079189
173,173,0,0.191463
6929,6929,0,0.408204
1732,1732,0,0.095774
173,173,0,0.196017
6929,6929,0,0.427198
1732,1732,0,0.080923
173,173,0,0.671276
6929,6929,0,0.462219
1732,1732,0,0.083266
173,173,0,0.17489
6929,6929,0,0.393771
1732,1732,0,0.081156
173,173,0,0.181874
6929,6929,0,0.406257
1732,1732,0,0.076665
173,173,0,0.18792
6929,6929,0,0.39944
1732,1732,0,0.077665
173,173,0,0.196404
6929,6929,0,0.445612
1732,1732,0,0.083323
173,173,0,0.190618
6929,6929,0,0.403503
1732,1732,0,0.083887
173,173,0,0.181508
6929,6929,0,0.428311
1732,1732,0,0.081347
173,173,0,0.175114
6929,6929,0,0.402317
1732,1732,0,0.083853
173,173,0,0.184479
6929,6929,0,0.402392
1732,1732,0,0.080472
173,173,0,0.187162
6929,6929,0,0.400742
1732,1732,0,0.092119
173,173,0,0.184052
6929,6929,0,0.425851
1732,1732,0,0.097893
173,173,0,0.18401
6929,6929,0,0.412675
1732,1732,0,0.09491
173,173,0,0.220045
6929,6929,0,0.387606
1732,1732,0,0.080605
173,173,0,0.1889
6929,6929,0,0.400862
1732,1732,0,0.073526
173,173,0,0.187841
6929,6929,0,0.408042
1732,1732,0,0.075499
173,173,0,0.184315
6929,6929,0,0.407002
1732,1732,0,0.09025
173,173,0,0.816827
6929,6929,0,1.8228
1732,1732,0,0.065657
173,173,0,4.16021
6929,6929,0,0.417884
1732,1732,0,3.70697
173,173,0,0.189619
6929,6929,0,0.443876
1732,1732,0,0.087837
173,173,0,0.181467
6929,6929,0,0.490366
1732,1732,0,0.088708
173,173,0,0.191457
6929,6929,0,0.438178
1732,1732,0,0.095084
173,173,0,0.198906
6929,6929,0,0.426723
1732,1732,0,0.077878
173,173,0,0.190182
6929,6929,0,0.41757
1732,1732,0,0.082037
173,173,0,0.178511
6929,6929,0,0.422086
1732,1732,0,0.075098
173,173,0,0.187413
6929,6929,0,0.42924
1732,1732,0,0.090667
173,173,0,0.201268
6929,6929,0,0.451636
1732,1732,0,0.097377
173,173,0,0.189071
6929,6929,0,0.437353
1732,1732,0,0.084841
173,173,0,0.18738
6929,6929,0,0.421227
1732,1732,0,0.08389
173,173,0,0.177541
6929,6929,0,0.411452
1732,1732,0,0.065197
173,173,0,0.181067
6929,6929,0,0.401185
1732,1732,0,0.08807
173,173,0,0.169602
6929,6929,0,0.432396
1732,1732,0,0.085108
173,173,0,0.191408
6929,6929,0,0.450884
1732,1732,0,0.086739
173,173,0,0.193549
6929,6929,0,0.441733
1732,1732,0,0.093703
173,173,0,0.177655
6929,6929,0,0.399336
1732,1732,0,0.099045
173,173,0,0.176158
6929,6929,0,0.412565
1732,1732,0,0.073924
173,173,0,0.177093
6929,6929,0,0.381666
1732,1732,0,0.079447
173,173,0,0.190577
6929,6929,0,0.458499
1732,1732,0,0.088794
173,173,0,0.192119
6929,6929,0,0.436168
1732,1732,0,0.062726
173,173,0,0.200208
6929,6929,0,0.380989
1732,1732,0,0.078955
173,173,0,0.178509
6929,6929,0,0.421258
1732,1732,0,0.067379
173,173,0,0.178063
6929,6929,0,0.404931
1732,1732,0,0.091421
173,173,0,0.193428
6929,6929,0,0.382051
1732,1732,0,0.072567
173,173,0,0.190636
6929,6929,0,0.406337
1732,1732,0,0.079241
173,173,0,0.188992
6929,6929,0,0.383186
1732,1732,0,0.072057
173,173,0,0.188455
6929,6929,0,0.399541
1732,1732,0,0.070475
173,173,0,0.192458
6929,6929,0,0.403737
1732,1732,0,0.086044
173,173,0,0.183619
6929,6929,0,0.385165
1732,1732,0,0.071901
173,173,0,0.197643
6929,6929,0,0.389854
1732,1732,0,0.07877
173,173,0,0.192129
6929,6929,0,0.888847
1732,1732,0,0.09419
173,173,0,0.190036
6929,6929,0,0.388564
1732,1732,0,0.095412
173,173,0,0.184988
6929,6929,0,0.384979
1732,1732,0,0.094832
173,173,0,0.1889
6929,6929,0,0.409734
1732,1732,0,0.08656
173,173,0,0.192344
6929,6929,0,0.375633
1732,1732,0,0.082974
173,173,0,0.181886
6929,6929,0,0.389548
1732,1732,0,0.08418
173,173,0,0.17955
6929,6929,0,0.395392
1732,1732,0,0.084163
173,173,0,0.187881
6929,6929,0,0.38037
1732,1732,0,0.084945
173,173,0,0.194058
6929,6929,0,0.392593
1732,1732,0,0.076005
173,173,0,0.185573
6929,6929,0,0.379331
1732,1732,0,0.081621
173,173,0,0.194868
6929,6929,0,0.385526
1732,1732,0,0.09072
173,173,0,0.193399
6929,6929,0,0.425147
1732,1732,0,0.067199
173,173,0,0.188217
6929,6929,0,0.406423
1732,1732,0,0.102536
173,173,0,0.198804
6929,6929,0,0.374302
1732,1732,0,0.077431
173,173,0,0.192932
6929,6929,0,0.383126
1732,1732,0,0.093633
173,173,0,0.185958
6929,6929,0,0.38954
1732,1732,0,0.08551
173,173,0,0.183313
6929,6929,0,0.405135
1732,1732,0,0.08118
173,173,0,0.186692
6929,6929,0,0.409409
1732,1732,0,0.095725
173,173,0,0.188128
6929,6929,0,0.388528
1732,1732,0,0.086081
173,173,0,0.185939
6929,6929,0,0.37005
1732,1732,0,0.078882
173,173,0,0.185851
6929,6929,0,0.375656
1732,1732,0,0.075564
173,173,0,0.19911
6929,6929,0,0.391503
1732,1732,0,0.087482
173,173,0,0.186144
6929,6929,0,0.381644
1732,1732,0,0.074255
173,173,0,0.188559
6929,6929,0,0.394394
1732,1732,0,0.090884
173,173,0,0.190852
6929,6929,0,0.376497
1732,1732,0,0.10846
173,173,0,0.183351
6929,6929,0,0.394602
1732,1732,0,0.0822
173,173,0,0.204695
6929,6929,0,0.403714
1732,1732,0,0.082666
173,173,0,0.636952
6929,6929,0,0.3976
1732,1732,0,0.088149
173,173,0,0.194749
6929,6929,0,0.398388
1732,1732,0,0.09669
173,173,0,0.182891
6929,6929,0,0.386216
1732,1732,0,0.091435
173,173,0,0.199475
6929,6929,0,0.376827
1732,1732,0,0.079488
173,173,0,0.185681
6929,6929,0,0.397467
1732,1732,0,0.083746
173,173,0,0.196371
6929,6929,0,0.395968
1732,1732,0,0.085548
173,173,0,0.192823
6929,6929,0,0.378442
1732,1732,0,0.076359
173,173,0,0.183095
6929,6929,0,0.397117
1732,1732,0,0.091618
173,173,0,0.189357
6929,6929,0,0.37159
1732,1732,0,0.082218
173,173,0,0.189828
6929,6929,0,0.381813
1732,1732,0,0.07621
173,173,0,0.185655
6929,6929,0,0.401112
1732,1732,0,0.079116
173,173,0,0.193955
6929,6929,0,0.392451
1732,1732,0,0.093458
173,173,0,0.208288
6929,6929,0,0.397506
1732,1732,0,0.079282
173,173,0,0.188078
6929,6929,0,0.428548
1732,1732,0,0.075163
173,173,0,0.185742
6929,6929,0,0.397127
1732,1732,0,0.087338
173,173,0,0.179517
6929,6929,0,0.391577
1732,1732,0,0.094759
173,173,0,0.19075
6929,6929,0,0.399554
1732,1732,0,0.085029
173,173,0,0.194229
6929,6929,0,0.399288
1732,1732,0,0.079245
173,173,0,0.194886
6929,6929,0,0.390779
1732,1732,0,0.07489
173,173,0,0.192137
6929,6929,0,0.384771
1732,1732,0,0.101556
173,173,0,0.200096
6929,6929,0,0.400594
1732,1732,0,0.091968
173,173,0,0.188577
6929,6929,0,0.384144
1732,1732,0,0.081175
173,173,0,0.184057
6929,6929,0,0.397285
1732,1732,0,0.100486
173,173,0,0.180998
6929,6929,0,0.395483
1732,1732,0,0.079947
173,173,0,0.185355
6929,6929,0,0.392372
1732,1732,0,0.09238
173,173,0,0.193061
6929,6929,0,0.408986
1732,1732,0,0.091778
173,173,0,0.198354
6929,6929,0,0.412807
1732,1732,0,0.108601
173,173,0,0.185963
6929,6929,0,0.402774
1732,1732,0,0.102101
173,173,0,0.659207
6929,6929,0,0.406608
1732,1732,0,0.07894
173,173,0,0.186579
6929,6929,0,0.420039
1732,1732,0,0.116411
173,173,0,0.202839
6929,6929,0,0.409921
1732,1732,0,0.102701
173,173,0,0.178928
6929,6929,0,0.396922
1732,1732,0,0.089658
173,173,0,0.188072
6929,6929,0,0.391635
1732,1732,0,0.088232
173,173,0,0.185464
6929,6929,0,0.390763
1732,1732,0,0.099693
173,173,0,0.180404
6929,6929,0,0.409231
1732,1732,0,0.080463
173,173,0,0.197313
6929,6929,0,0.393535
1732,1732,0,0.106198
173,173,0,0.193701
6929,6929,0,0.408054
1732,1732,0,0.080769
173,173,0,0.180451
6929,6929,0,0.411133
1732,1732,0,0.098697
173,173,0,0.19186
6929,6929,0,0.412216
1732,1732,0,0.092647
173,173,0,0.200285
6929,6929,0,0.404934
1732,1732,0,0.107728
173,173,0,0.199822
6929,6929,0,0.41687
1732,1732,0,0.095593
173,173,0,0.192263
6929,6929,0,0.39122
1732,1732,0,0.098297
173,173,0,0.181802
6929,6929,0,0.397766
1732,1732,0,0.083228
173,173,0,0.192799
6929,6929,0,0.416438
1732,1732,0,0.092078
173,173,0,0.192773
6929,6929,0,0.418531
1732,1732,0,0.094278
173,173,0,0.196895
6929,6929,0,0.410564
1732,1732,0,0.085408
173,173,0,0.191096
6929,6929,0,0.432081
1732,1732,0,0.090679
173,173,0,0.188969
6929,6929,0,0.405111
1732,1732,0,0.099065
173,173,0,0.188462
6929,6929,0,0.398626
1732,1732,0,0.089661
173,173,0,0.183935
6929,6929,0,0.415404
1732,1732,0,0.103256
173,173,0,0.19199
6929,6929,0,0.394624
1732,1732,0,0.086143
173,173,0,0.193223
6929,6929,0,0.409
1732,1732,0,0.094709
173,173,0,0.190719
6929,6929,0,0.401613
1732,1732,0,0.102634
173,173,0,0.187784
6929,6929,0,0.401233
1732,1732,0,0.088085
173,173,0,0.199512
6929,6929,0,0.419176
1732,1732,0,0.100931
173,173,0,0.198522
6929,6929,0,0.432656
1732,1732,0,0.09197
173,173,0,0.185094
6929,6929,0,0.405035
1732,1732,0,0.092961
173,173,0,0.183532
6929,6929,0,0.398639
1732,1732,0,0.096851
173,173,0,0.202577
6929,6929,0,0.434875
1732,1732,0,0.104078
173,173,0,0.18567
6929,6929,0,0.417679
1732,1732,0,0.101283
173,173,0,0.201609
6929,6929,0,0.412928
1732,1732,0,0.098956
173,173,0,0.196483
6929,6929,0,0.410214
1732,1732,0,0.089346
173,173,0,0.199306
6929,6929,0,0.396243
1732,1732,0,0.099873
173,173,0,0.190886
6929,6929,0,0.405959
1732,1732,0,0.089893
173,173,0,0.19382
6929,6929,0,0.414677
1732,1732,0,0.094117
173,173,0,0.188338
6929,6929,0,0.405552
1732,1732,0,0.09786
173,173,0,0.187542
6929,6929,0,0.405175
1732,1732,0,0.091647
173,173,0,0.181463
6929,6929,0,0.42291
1732,1732,0,0.08948
173,173,0,0.191555
6929,6929,0,0.40852
1732,1732,0,0.089375
173,173,0,0.192191
6929,6929,0,0.413116
1732,1732,0,0.106054
173,173,0,0.195587
6929,6929,0,0.408784
1732,1732,0,0.104067
173,173,0,0.198805
6929,6929,0,0.412563
1732,1732,0,0.10839
173,173,0,0.193452
6929,6929,0,0.410215
1732,1732,0,0.087395
173,173,0,0.207151
6929,6929,0,0.409878
1732,1732,0,0.078708
173,173,0,0.185448
6929,6929,0,0.431918
1732,1732,0,0.099823
173,173,0,0.786377
6929,6929,0,0.409288
1732,1732,0,0.094082
173,173,0,0.188142
6929,6929,0,0.410335
1732,1732,0,0.090757
173,173,0,0.210696
6929,6929,0,0.431136
1732,1732,0,0.093315
173,173,0,0.202376
6929,6929,0,0.407092
1732,1732,0,0.092488
173,173,0,0.218139
6929,6929,0,0.419489
1732,1732,0,0.084334
173,173,0,0.214863
6929,6929,0,0.374372
1732,1732,0,0.092046
173,173,0,0.213475
6929,6929,0,0.369209
1732,1732,0,0.09946
173,173,0,0.220793
6929,6929,0,0.381311
1732,1732,0,0.101233
173,173,0,0.196365
6929,6929,0,0.363874
1732,1732,0,0.087406
173,173,0,0.212185
6929,6929,0,0.362104
1732,1732,0,0.097594
173,173,0,0.20124
6929,6929,0,0.362707
1732,1732,0,0.092379
173,173,0,0.213368
6929,6929,0,0.375483
1732,1732,0,0.104024
173,173,0,0.199936
6929,6929,0,0.366477
1732,1732,0,0.085708
173,173,0,0.217962
6929,6929,0,0.375725
1732,1732,0,0.10936
173,173,0,0.194441
6929,6929,0,0.36096
1732,1732,0,0.098198
173,173,0,0.215559
6929,6929,0,0.374488
1732,1732,0,0.096433
173,173,0,0.196743
6929,6929,0,0.374389
1732,1732,0,0.095671
173,173,0,0.214447
6929,6929,0,0.384261
1732,1732,0,0.113553
173,173,0,0.200305
6929,6929,0,0.361735
1732,1732,0,0.108388
173,173,0,0.663094
6929,6929,0,0.378843
1732,1732,0,0.092795
173,173,0,0.207668
6929,6929,0,0.3838
1732,1732,0,0.097129
173,173,0,0.20113
6929,6929,0,0.371674
1732,1732,0,0.092723
173,173,0,0.214115
6929,6929,0,0.389229
1732,1732,0,0.079535
173,173,0,0.206115
6929,6929,0,0.415029
1732,1732,0,0.096338
173,173,0,0.189105
6929,6929,0,0.380687
1732,1732,0,0.09666
173,173,0,0.21503
6929,6929,0,0.379746
1732,1732,0,0.099522
173,173,0,0.215856
6929,6929,0,0.400496
1732,1732,0,0.08712
173,173,0,0.204916
6929,6929,0,0.3919
1732,1732,0,0.086431
173,173,0,0.219984
6929,6929,0,0.408742
1732,1732,0,0.09798
173,173,0,0.21731
6929,6929,0,0.394873
1732,1732,0,0.08717
173,173,0,0.201034
6929,6929,0,0.381714
1732,1732,0,0.116522
173,173,0,0.221219
6929,6929,0,0.402116
1732,1732,0,0.095566
173,173,0,0.20348
6929,6929,0,0.39187
1732,1732,0,0.091974
173,173,0,0.206663
6929,6929,0,0.411184
1732,1732,0,0.09613
173,173,0,0.191997
6929,6929,0,0.382161
1732,1732,0,0.077596
173,173,0,0.214101
6929,6929,0,0.373482
1732,1732,0,0.099047
173,173,0,0.206389
6929,6929,0,0.380055
1732,1732,0,0.088631
173,173,0,0.21282
6929,6929,0,0.387144
1732,1732,0,0.101401
173,173,0,0.199345
6929,6929,0,0.389414
1732,1732,0,0.093576
173,173,0,0.23279
6929,6929,0,0.39126
1732,1732,0,0.076484
173,173,0,0.215274
6929,6929,0,0.41632
1732,1732,0,0.082191
173,173,0,0.223256
6929,6929,0,0.393872
1732,1732,0,0.074365
173,173,0,0.211595
6929,6929,0,0.397896
1732,1732,0,0.088691
173,173,0,0.205437
6929,6929,0,0.391202
1732,1732,0,1.39878
173,173,0,0.233327
6929,6929,0,0.405452
1732,1732,0,0.095477
173,173,0,0.210131
6929,6929,0,0.389084
1732,1732,0,0.094886
173,173,0,0.199681
6929,6929,0,0.392775
1732,1732,0,0.089654
173,173,0,0.19747
6929,6929,0,0.388135
1732,1732,0,0.100892
173,173,0,0.202844
6929,6929,0,0.410259
1732,1732,0,0.092424
173,173,0,0.196507
6929,6929,0,0.406994
1732,1732,0,0.078739
173,173,0,0.216342
6929,6929,0,0.408776
1732,1732,0,0.091182
173,173,0,0.202247
6929,6929,0,0.401054
1732,1732,0,0.10206
173,173,0,0.218078
6929,6929,0,0.392807
1732,1732,0,0.089178
173,173,0,0.20824
6929,6929,0,0.40011
1732,1732,0,0.108403
173,173,0,0.236675
6929,6929,0,0.420147
1732,1732,0,0.099337
173,173,0,0.215468
6929,6929,0,0.415534
1732,1732,0,0.091218
173,173,0,0.234873
6929,6929,0,0.400659
1732,1732,0,0.096853
173,173,0,0.211359
6929,6929,0,0.416789
1732,1732,0,0.101474
173,173,0,0.215164
6929,6929,0,0.420126
1732,1732,0,0.100137
173,173,0,0.220352
6929,6929,0,0.419628
1732,1732,0,0.113943
173,173,0,0.213617
6929,6929,0,0.419896
1732,1732,0,0.117229
173,173,0,0.198589
6929,6929,0,0.404329
1732,1732,0,0.096732
173,173,0,0.212353
6929,6929,0,0.406861
1732,1732,0,0.102796
173,173,0,0.203031
6929,6929,0,0.39852
1732,1732,0,0.099214
173,173,0,0.208777
6929,6929,0,0.393462
1732,1732,0,0.101691
173,173,0,0.248482
6929,6929,0,0.396956
1732,1732,0,0.103442
173,173,0,0.209689
6929,6929,0,0.397286
1732,1732,0,0.109537
173,173,0,0.216766
6929,6929,0,0.390049
1732,1732,0,0.084092
173,173,0,0.2135
6929,6929,0,0.420579
1732,1732,0,0.094748
173,173,0,0.209589
6929,6929,0,0.392415
1732,1732,0,0.110515
173,173,0,0.215378
6929,6929,0,0.392365
1732,1732,0,0.106912
173,173,0,0.211942
6929,6929,0,0.375458
1732,1732,0,0.074048
173,173,0,0.196699
6929,6929,0,0.400381
1732,1732,0,0.099767
173,173,0,0.195095
6929,6929,0,0.389853
1732,1732,0,0.088708
173,173,0,0.21637
6929,6929,0,0.414519
1732,1732,0,0.085257
173,173,0,0.209731
6929,6929,0,0.403967
1732,1732,0,0.091398
173,173,0,0.239991
6929,6929,0,0.435528
1732,1732,0,0.092731
173,173,0,0.219522
6929,6929,0,0.420394
1732,1732,0,0.115037
173,173,0,0.212329
6929,6929,0,0.408018
1732,1732,0,0.089113
173,173,0,0.230795
6929,6929,0,0.42121
1732,1732,0,0.109581
173,173,0,0.229095
6929,6929,0,0.390543
1732,1732,0,0.096644
173,173,0,0.213808
6929,6929,0,0.874191
1732,1732,0,0.100226
173,173,0,0.2037
6929,6929,0,0.853132
1732,1732,0,0.093615
173,173,0,0.224084
6929,6929,0,0.424326
1732,1732,0,0.10089
173,173,0,0.22016
6929,6929,0,0.416702
1732,1732,0,0.096841
173,173,0,0.209791
6929,6929,0,0.440011
1732,1732,0,0.111226
173,173,0,0.216366
6929,6929,0,0.420511
1732,1732,0,0.11704
173,173,0,0.24688
6929,6929,0,0.409884
1732,1732,0,0.10873
173,173,0,0.202311
6929,6929,0,0.410709
1732,1732,0,0.106893
173,173,0,0.204054
6929,6929,0,0.410069
1732,1732,0,0.09867
173,173,0,0.203162
6929,6929,0,0.404644
1732,1732,0,0.108175
173,173,0,0.214564
6929,6929,0,0.435624
1732,1732,0,0.091687
173,173,0,0.205185
6929,6929,0,0.429671
1732,1732,0,0.094238
173,173,0,0.220254
6929,6929,0,0.422667
1732,1732,0,0.096281
173,173,0,0.213504
6929,6929,0,0.401816
1732,1732,0,0.104566
173,173,0,0.663249
6929,6929,0,0.441043
1732,1732,0,0.082096
173,173,0,0.194431
6929,6929,0,0.435775
1732,1732,0,0.096735
173,173,0,0.195794
6929,6929,0,0.419275
1732,1732,0,0.099195
173,173,0,0.201737
6929,6929,0,0.415949
1732,1732,0,0.090617
173,173,0,0.196396
6929,6929,0,0.426397
1732,1732,0,0.088214
173,173,0,0.198294
6929,6929,0,0.408329
1732,1732,0,0.09946
173,173,0,0.193019
6929,6929,0,0.438626
1732,1732,0,1.99505
173,173,0,0.202096
6929,6929,0,3.29778
1732,1732,0,0.109173
173,173,0,0.256906
6929,6929,0,0.425238
1732,1732,0,0.101885
173,173,0,0.210559
6929,6929,0,0.407753
1732,1732,0,0.084297
173,173,0,0.193921
6929,6929,0,0.434543
1732,1732,0,0.112845
173,173,0,0.19714
6929,6929,0,0.416343
1732,1732,0,0.100912
173,173,0,0.192976
6929,6929,0,0.385901
1732,1732,0,0.10763
173,173,0,0.196296
6929,6929,0,0.399372
1732,1732,0,0.09662
173,173,0,0.193489
6929,6929,0,0.414328
1732,1732,0,0.120005
173,173,0,0.197402
6929,6929,0,0.393098
1732,1732,0,0.099417
173,173,0,0.203554
6929,6929,0,0.416427
1732,1732,0,0.10874
173,173,0,0.205356
6929,6929,0,0.444639
1732,1732,0,0.121098
173,173,0,0.186348
6929,6929,0,0.41191
1732,1732,0,0.101544
173,173,0,0.18235
6929,6929,0,0.397929
1732,1732,0,0.097342
173,173,0,0.204365
6929,6929,0,0.429511
1732,1732,0,0.089191
173,173,0,0.190971
6929,6929,0,0.411396
1732,1732,0,0.092055
173,173,0,0.192312
6929,6929,0,0.404852
1732,1732,0,0.085133
173,173,0,0.20945
6929,6929,0,0.417247
1732,1732,0,0.079779
173,173,0,0.190844
6929,6929,0,0.401371
1732,1732,0,0.101738
173,173,0,0.18806
6929,6929,0,0.400817
1732,1732,0,0.095292
173,173,0,0.201357
6929,6929,0,0.403154
1732,1732,0,0.095977
173,173,0,0.18807
6929,6929,0,0.391327
1732,1732,0,0.099231
173,173,0,0.199814
6929,6929,0,0.383382
1732,1732,0,0.09211
173,173,0,0.199606
6929,6929,0,0.403176
1732,1732,0,0.093505
173,173,0,0.194419
6929,6929,0,0.430319
1732,1732,0,0.097348
173,173,0,0.21258
6929,6929,0,0.418965
1732,1732,0,0.106272
173,173,0,0.211707
6929,6929,0,0.390981
1732,1732,0,0.099922
173,173,0,0.223793
6929,6929,0,0.401577
1732,1732,0,0.100487
173,173,0,0.18978
6929,6929,0,0.40308
1732,1732,0,0.09859
173,173,0,0.200087
6929,6929,0,0.392172
1732,1732,0,0.114278
173,173,0,0.201869
6929,6929,0,0.405695
1732,1732,0,0.101178
173,173,0,0.197691
6929,6929,0,0.404252
1732,1732,0,0.102113
173,173,0,0.196471
6929,6929,0,0.433823
1732,1732,0,0.101646
173,173,0,0.202517
6929,6929,0,0.387666
1732,1732,0,0.102157
173,173,0,0.194629
6929,6929,0,0.39579
1732,1732,0,0.088727
173,173,0,0.193472
6929,6929,0,0.411611
1732,1732,0,0.095345
173,173,0,0.210753
6929,6929,0,0.401425
1732,1732,0,0.099257
173,173,0,0.207895
6929,6929,0,0.387492
1732,1732,0,0.093637
173,173,0,0.204192
6929,6929,0,0.424167
1732,1732,0,0.102295
173,173,0,0.200973
6929,6929,0,0.396069
1732,1732,0,0.112311
173,173,0,0.199587
6929,6929,0,0.399871
1732,1732,0,0.109345
173,173,0,0.218487
6929,6929,0,0.421469
1732,1732,0,0.118543
173,173,0,0.205869
6929,6929,0,0.430536
1732,1732,0,0.100884
173,173,0,0.218211
6929,6929,0,0.459618
1732,1732,0,0.099913
173,173,0,0.212244
6929,6929,0,0.409603
1732,1732,0,0.105332
173,173,0,0.202919
6929,6929,0,0.448435
1732,1732,0,0.106854
173,173,0,0.19646
6929,6929,0,0.384677
1732,1732,0,0.097193
173,173,0,0.204499
6929,6929,0,0.422997
1732,1732,0,0.108455
173,173,0,0.188025
6929,6929,0,0.4066
1732,1732,0,0.110703
173,173,0,0.233102
6929,6929,0,0.406024
1732,1732,0,0.125621
173,173,0,0.208528
6929,6929,0,0.44222
1732,1732,0,0.095567
173,173,0,0.202112
6929,6929,0,0.425058
1732,1732,0,0.10163
173,173,0,0.202731
6929,6929,0,0.421909
1732,1732,0,0.101618
173,173,0,0.18672
6929,6929,0,0.423857
1732,1732,0,0.107693
173,173,0,0.203221
6929,6929,0,0.43364
1732,1732,0,0.119583
173,173,0,0.219522
6929,6929,0,0.398813
1732,1732,0,0.095238
173,173,0,0.22074
6929,6929,0,0.420945
1732,1732,0,0.129199
173,173,0,0.195405
6929,6929,0,0.406556
1732,1732,0,0.095113
173,173,0,0.202423
6929,6929,0,0.42128
1732,1732,0,0.09059
173,173,0,0.194273
6929,6929,0,0.376039
1732,1732,0,0.120168
173,173,0,0.215961
6929,6929,0,0.40037
1732,1732,0,0.113843
173,173,0,0.210745
6929,6929,0,0.397832
1732,1732,0,0.121259
173,173,0,0.193761
6929,6929,0,0.430592
1732,1732,0,0.107339
173,173,0,0.205376
701,701,0,0.063996
88,88,0,0.01326
173,173,0,0.202498
3465,0,3465,45.1332
866,0,866,0.345816
9,9,0,0.019379
6929,3464,3465,42.8885
1732,866,866,0.321083
87,0,87,0.398876
6929,3464,3465,42.9674
1732,866,866,0.315773
173,86,87,0.386685
6929,3464,3465,36.4059
1732,866,866,0.321631
173,86,87,0.518041
6929,3464,3465,45.2167
1732,866,866,0.432686
173,86,87,0.558579
6929,3464,3465,49.4026
1732,866,866,0.406228
173,86,87,0.454775
6929,3464,3465,45.6161
1732,866,866,0.417547
173,86,87,0.542442
6929,3464,3465,46.7881
1732,866,866,0.418969
173,86,87,0.490848
6929,3464,3465,33.9854
1732,866,866,0.44034
173,86,87,0.504746
6929,3464,3465,45.0156
1732,866,866,0.389114
173,86,87,0.622565
6929,3464,3465,36.6973
1732,866,866,0.315462
173,86,87,0.42039
6929,3464,3465,43.7147
1732,866,866,0.440813
173,86,87,0.482804
6929,3464,3465,38.6468
1732,866,866,0.523104
173,86,87,0.543074
6929,3464,3465,38.7752
1732,866,866,0.272859
173,86,87,0.525101
6929,3464,3465,39.1784
1732,866,866,0.40903
173,86,87,0.525086
6929,3464,3465,44.5949
1732,866,866,0.42304
173,86,87,0.587359
6929,3464,3465,48.3542
1732,866,866,0.415819
173,86,87,0.570676
6929,3464,3465,36.5312
1732,866,866,0.30819
173,86,87,0.559881
6929,3464,3465,38.9732
1732,866,866,0.39689
173,86,87,0.549317
6929,3464,3465,41.6312
1732,866,866,0.280318
173,86,87,0.651177
6929,3464,3465,44.098
1732,866,866,0.410526
173,86,87,0.593816
6929,3464,3465,46.235
1732,866,866,0.412404
173,86,87,0.490403
6929,3464,3465,39.2012
1732,866,866,0.413666
173,86,87,0.646331
6929,3464,3465,39.918
1732,866,866,0.486112
173,86,87,0.540213
6929,3464,3465,44.8328
1732,866,866,0.44952
173,86,87,0.570147
6929,3464,3465,47.8457
1732,866,866,0.4084
173,86,87,0.601778
6929,3464,3465,34.1048
1732,866,866,0.397671
173,86,87,0.534835
6929,3464,3465,40.7468
1732,866,866,0.357464
173,86,87,0.541848
6929,3464,3465,40.5311
1732,866,866,0.295011
173,86,87,0.431993
6929,3464,3465,47.5529
1732,866,866,0.398461
173,86,87,0.583803
6929,3464,3465,41.5335
1732,866,866,0.443058
173,86,87,0.557042
6929,3464,3465,36.391
1732,866,866,0.37419
173,86,87,0.442963
6929,3464,3465,47.8517
1732,866,866,0.423321
173,86,87,0.503548
6929,3464,3465,42.2074
1732,866,866,0.254963
173,86,87,0.575466
6929,3464,3465,41.0493
1732,866,866,0.297249
173,86,87,0.502443
6929,3464,3465,39.0227
1732,866,866,0.353603
173,86,87,0.473007
6929,3464,3465,44.3065
1732,866,866,0.443144
173,86,87,0.626361
6929,3464,3465,54.4145
1732,866,866,0.431824
173,86,87,0.628165
6929,3464,3465,44.4987
1732,866,866,0.494004
173,86,87,0.654455
6929,3464,3465,39.6682
1732,866,866,0.446499
173,86,87,0.567374
6929,3464,3465,50.0475
1732,866,866,0.330018
173,86,87,0.48489
6929,3464,3465,44.273
1732,866,866,0.269502
173,86,87,0.497706
6929,3464,3465,39.2978
1732,866,866,0.264516
173,86,87,0.513084
6929,3464,3465,39.2194
1732,866,866,0.314227
173,86,87,0.718766
6929,3464,3465,47.8353
1732,866,866,0.591463
173,86,87,0.646683
6929,3464,3465,47.7623
1732,866,866,0.312403
173,86,87,0.536686
6929,3464,3465,49.5833
1732,866,866,0.396062
173,86,87,0.61098
6929,3464,3465,44.1574
1732,866,866,0.410974
173,86,87,0.607689
6929,3464,3465,47.9215
1732,866,866,0.351441
173,86,87,0.510526
6929,3464,3465,40.2988
1732,866,866,0.255041
173,86,87,0.612779
6929,3464,3465,52.6499
1732,866,866,0.363411
173,86,87,0.413354
6929,3464,3465,42.7659
1732,866,866,0.394306
173,86,87,0.648109
6929,3464,3465,37.7845
1732,866,866,0.300105
173,86,87,0.430652
6929,3464,3465,43.323
1732,866,866,0.436046
173,86,87,0.638982
6929,3464,3465,39.5873
1732,866,866,0.495781
173,86,87,0.655239
6929,3464,3465,46.4569
1732,866,866,0.540316
173,86,87,0.706055
6929,3464,3465,42.7712
1732,866,866,0.352694
173,86,87,0.609547
6929,3464,3465,44.7818
1732,866,866,0.411722
173,86,87,0.397742
6929,3464,3465,43.6975
1732,866,866,0.352789
173,86,87,0.608112
6929,3464,3465,55.3285
1732,866,866,0.333629
173,86,87,0.661308
6929,3464,3465,39.589
1732,866,866,0.45908
173,86,87,0.5764
6929,3464,3465,42.442
1732,866,866,0.33444
173,86,87,0.571976
6929,3464,3465,43.1256
1732,866,866,0.455296
173,86,87,0.601984
6929,3464,3465,40.083
1732,866,866,0.378777
173,86,87,0.551774
6929,3464,3465,47.8967
1732,866,866,0.412085
173,86,87,0.587886
6929,3464,3465,42.7202
1732,866,866,0.413589
173,86,87,0.561896
6929,3464,3465,43.434
1732,866,866,0.444211
173,86,87,0.513723
6929,3464,3465,53.5538
1732,866,866,0.420758
173,86,87,0.527982
6929,3464,3465,43.3901
1732,866,866,0.434307
173,86,87,0.58205
6929,3464,3465,45.8114
1732,866,866,0.403984
173,86,87,0.56219
6929,3464,3465,47.0946
1732,866,866,0.397478
173,86,87,0.473715
6929,3464,3465,45.4346
1732,866,866,0.486503
173,86,87,0.552328
6929,3464,3465,43.8015
1732,866,866,0.339086
173,86,87,0.624044
6929,3464,3465,43.9787
1732,866,866,0.482022
173,86,87,0.510021
6929,3464,3465,39.8964
1732,866,866,0.354423
173,86,87,0.513293
6929,3464,3465,48.9373
1732,866,866,0.315957
173,86,87,0.572199
6929,3464,3465,39.6016
1732,866,866,0.419445
173,86,87,0.500528
6929,3464,3465,38.2337
1732,866,866,0.378289
173,86,87,0.517538
6929,3464,3465,50.5292
1732,866,866,2.76849
173,86,87,0.622875
6929,3464,3465,43.958
1732,866,866,0.388116
173,86,87,0.693821
6929,3464,3465,48.0595
1732,866,866,0.523976
173,86,87,0.572301
6929,3464,3465,48.5336
1732,866,866,0.339829
173,86,87,0.672476
6929,3464,3465,44.7282
1732,866,866,0.282289
173,86,87,0.684297
6929,3464,3465,43.6345
1732,866,866,0.476421
173,86,87,0.566609
6929,3464,3465,41.0938
1732,866,866,0.497751
173,86,87,0.456721
6929,3464,3465,44.9421
1732,866,866,0.360817
173,86,87,0.533835
6929,3464,3465,49.3307
1732,866,866,0.433303
173,86,87,0.586002
6929,3464,3465,40.935
1732,866,866,0.309147
173,86,87,0.47592
6929,3464,3465,41.2036
1732,866,866,0.364425
173,86,87,0.568893
6929,3464,3465,40.6294
1732,866,866,0.317312
173,86,87,0.6684
6929,3464,3465,48.6364
1732,866,866,0.377575
173,86,87,0.606981
6929,3464,3465,49.038
1732,866,866,0.421159
173,86,87,0.647067
6929,3464,3465,47.1657
1732,866,866,0.407778
173,86,87,0.687536
6929,3464,3465,47.2256
1732,866,866,0.38083
173,86,87,0.572614
6929,3464,3465,45.9082
1732,866,866,0.223008
173,86,87,0.500361
6929,3464,3465,44.1631
1732,866,866,0.363472
173,86,87,0.485063
6929,3464,3465,40.0612
1732,866,866,0.500122
173,86,87,0.519142
6929,3464,3465,43.7124
1732,866,866,0.427735
173,86,87,0.618118
6929,3464,3465,45.2709
1732,866,866,0.454732
173,86,87,0.629852
6929,3464,3465,44.1603
1732,866,866,0.384353
173,86,87,0.549002
6929,3464,3465,40.2407
1732,866,866,0.559923
173,86,87,0.569822
6929,3464,3465,42.8574
1732,866,866,0.368927
173,86,87,0.587313
6929,3464,3465,44.4353
1732,866,866,0.287516
173,86,87,0.649026
6929,3464,3465,42.1335
1732,866,866,0.421019
173,86,87,0.563996
6929,3464,3465,42.2115
1732,866,866,0.318123
173,86,87,0.522884
6929,3464,3465,40.3177
1732,866,866,0.317745
173,86,87,0.586322
6929,3464,3465,43.777
1732,866,866,0.357534
173,86,87,0.550728
6929,3464,3465,46.3093
1732,866,866,0.472383
173,86,87,0.578246
6929,3464,3465,40.6002
1732,866,866,0.356811
173,86,87,0.553594
6929,3464,3465,41.153
1732,866,866,0.339404
173,86,87,0.590858
6929,3464,3465,49.9709
1732,866,866,0.260045
173,86,87,0.56
6929,3464,3465,43.938
1732,866,866,0.263306
173,86,87,0.52704
6929,3464,3465,44.7881
1732,866,866,0.509071
173,86,87,0.515406
6929,3464,3465,42.058
1732,866,866,0.29228
173,86,87,0.656269
6929,3464,3465,37.3016
1732,866,866,0.385487
173,86,87,0.614133
6929,3464,3465,44.2633
1732,866,866,0.225893
173,86,87,0.590799
6929,3464,3465,37.8757
1732,866,866,0.373867
173,86,87,0.583087
6929,3464,3465,44.1732
1732,866,866,0.271597
173,86,87,0.622131
6929,3464,3465,45.3095
1732,866,866,0.210838
173,86,87,0.457518
6929,3464,3465,43.3043
1732,866,866,0.241907
173,86,87,0.495954
6929,3464,3465,44.6695
1732,866,866,0.366538
173,86,87,0.598526
6929,3464,3465,37.7159
1732,866,866,0.255105
173,86,87,0.492711
6929,3464,3465,48.9476
1732,866,866,0.373071
173,86,87,0.647217
6929,3464,3465,39.0128
1732,866,866,0.243068
173,86,87,0.510615
6929,3464,3465,44.6213
1732,866,866,0.442601
173,86,87,0.498304
6929,3464,3465,41.2931
1732,866,866,0.323019
173,86,87,0.610454
6929,3464,3465,43.8034
1732,866,866,0.409084
173,86,87,2.68515
6929,3464,3465,40.4897
1732,866,866,0.374347
173,86,87,0.499687
6929,3464,3465,44.0019
1732,866,866,0.382354
173,86,87,0.546739
6929,3464,3465,38.1984
1732,866,866,0.345778
173,86,87,0.637174
6929,3464,3465,45.0841
1732,866,866,0.359456
173,86,87,0.518834
6929,3464,3465,38.2042
1732,866,866,0.417374
173,86,87,0.567461
6929,3464,3465,41.618
1732,866,866,0.418093
173,86,87,0.694461
6929,3464,3465,40.1862
1732,866,866,0.467775
173,86,87,0.552912
6929,3464,3465,40.5671
1732,866,866,0.40261
173,86,87,0.500511
6929,3464,3465,40.9512
1732,866,866,0.457236
173,86,87,0.54873
6929,3464,3465,44.0682
1732,866,866,0.454959
173,86,87,0.460038
6929,3464,3465,41.3961
1732,866,866,0.360238
173,86,87,0.625449
6929,3464,3465,41.0033
1732,866,866,0.509378
173,86,87,0.411352
6929,3464,3465,49.2691
1732,866,866,0.302946
173,86,87,0.555601
6929,3464,3465,50.0846
1732,866,866,0.504765
173,86,87,0.653253
6929,3464,3465,41.1933
1732,866,866,0.496677
173,86,87,0.606771
6929,3464,3465,36.4947
1732,866,866,0.354997
173,86,87,0.566747
6929,3464,3465,37.6726
1732,866,866,0.505557
173,86,87,0.658554
6929,3464,3465,47.2907
1732,866,866,0.33811
173,86,87,0.562793
6929,3464,3465,46.3631
1732,866,866,0.284884
173,86,87,0.510302
6929,3464,3465,41.4456
1732,866,866,0.365803
173,86,87,0.50346
6929,3464,3465,42.2658
1732,866,866,0.350244
173,86,87,0.624911
6929,3464,3465,39.7902
1732,866,866,0.332695
173,86,87,0.529866
6929,3464,3465,43.3596
1732,866,866,0.431974
173,86,87,0.603924
6929,3464,3465,46.7833
1732,866,866,0.186133
173,86,87,0.52798
6929,3464,3465,40.2847
1732,866,866,0.514599
173,86,87,0.551695
6929,3464,3465,39.3447
1732,866,866,0.501339
173,86,87,0.431131
6929,3464,3465,44.1754
1732,866,866,0.446071
173,86,87,0.521029
6929,3464,3465,39.499
1732,866,866,0.419683
173,86,87,0.526361
6929,3464,3465,39.1092
1732,866,866,0.31686
173,86,87,0.580042
6929,3464,3465,42.5046
1732,866,866,0.408844
173,86,87,0.69525
6929,3464,3465,45.0913
1732,866,866,0.386757
173,86,87,0.754778
6929,3464,3465,39.0482
1732,866,866,0.467471
173,86,87,0.548135
6929,3464,3465,46.7083
1732,866,866,0.33487
173,86,87,0.471672
6929,3464,3465,43.5655
1732,866,866,0.333385
173,86,87,0.634566
6929,3464,3465,35.3391
1732,866,866,0.411251
173,86,87,0.523759
6929,3464,3465,46.0402
1732,866,866,0.331249
173,86,87,0.550338
6929,3464,3465,54.5616
1732,866,866,0.502936
173,86,87,0.587325
6929,3464,3465,45.262
1732,866,866,0.406807
173,86,87,0.547525
6929,3464,3465,41.9561
1732,866,866,0.412061
173,86,87,0.769578
6929,3464,3465,47.2947
1732,866,866,0.664447
173,86,87,0.5688
6929,3464,3465,47.0059
1732,866,866,0.380637
173,86,87,0.54983
6929,3464,3465,46.3841
1732,866,866,0.605228
173,86,87,0.646942
6929,3464,3465,50.5487
1732,866,866,0.348707
173,86,87,0.641076
6929,3464,3465,41.3727
1732,866,866,0.336371
173,86,87,0.649492
6929,3464,3465,43.5092
1732,866,866,0.437982
173,86,87,0.631532
6929,3464,3465,41.0406
1732,866,866,0.329311
173,86,87,0.43895
6929,3464,3465,47.5104
1732,866,866,0.339334
173,86,87,0.4808
6929,3464,3465,39.6342
1732,866,866,0.431521
173,86,87,0.498238
6929,3464,3465,46.8617
1732,866,866,0.374337
173,86,87,0.704275
6929,3464,3465,45.8586
1732,866,866,0.511889
173,86,87,0.487054
6929,3464,3465,47.4613
1732,866,866,0.393047
173,86,87,0.366423
6929,3464,3465,39.4403
1732,866,866,0.290096
173,86,87,0.610173
6929,3464,3465,43.8572
1732,866,866,0.541608
173,86,87,0.554674
6929,3464,3465,41.3839
1732,866,866,0.370731
173,86,87,0.577335
6929,3464,3465,43.8702
1732,866,866,0.2865
173,86,87,0.419507
6929,3464,3465,49.703
1732,866,866,0.328914
173,86,87,0.583007
6929,3464,3465,37.3498
1732,866,866,0.392575
173,86,87,0.446569
6929,3464,3465,40.8053
1732,866,866,0.385755
173,86,87,0.527069
6929,3464,3465,42.7305
1732,866,866,0.280409
173,86,87,0.455401
6929,3464,3465,42.0483
1732,866,866,0.41057
173,86,87,0.45569
6929,3464,3465,43.4289
1732,866,866,0.325516
173,86,87,0.470236
6929,3464,3465,48.9712
1732,866,866,0.35614
173,86,87,0.527914
6929,3464,3465,47.4787
1732,866,866,0.494479
173,86,87,0.684452
6929,3464,3465,45.9452
1732,866,866,0.382444
173,86,87,0.531264
6929,3464,3465,43.113
1732,866,866,0.445325
173,86,87,0.668199
6929,3464,3465,51.7469
1732,866,866,0.714792
173,86,87,0.61619
6929,3464,3465,44.0281
1732,866,866,0.19291
173,86,87,0.560443
6929,3464,3465,37.9581
1732,866,866,0.321657
173,86,87,0.766699
6929,3464,3465,53.0796
1732,866,866,0.439131
173,86,87,0.428033
6929,3464,3465,42.5234
1732,866,866,0.485874
173,86,87,0.683622
6929,3464,3465,47.4574
1732,866,866,0.371673
173,86,87,0.658634
6929,3464,3465,44.2147
1732,866,866,0.477712
173,86,87,0.410726
6929,3464,3465,45.4261
1732,866,866,0.349692
173,86,87,0.509015
6929,3464,3465,44.4748
1732,866,866,0.354267
173,86,87,0.594337
6929,3464,3465,46.8178
1732,866,866,0.426062
173,86,87,0.65741
6929,3464,3465,46.9513
1732,866,866,0.489646
173,86,87,0.580091
6929,3464,3465,39.3585
1732,866,866,0.459631
173,86,87,0.566329
6929,3464,3465,36.4139
1732,866,866,0.29743
173,86,87,0.511244
6929,3464,3465,46.6507
1732,866,866,0.311002
173,86,87,0.535987
6929,3464,3465,49.9929
1732,866,866,0.390814
173,86,87,0.761832
6929,3464,3465,47.2998
1732,866,866,0.366897
173,86,87,0.630191
6929,3464,3465,39.7706
1732,866,866,0.40747
173,86,87,0.572488
6929,3464,3465,44.5301
1732,866,866,0.426666
173,86,87,0.459186
6929,3464,3465,39.1427
1732,866,866,0.359971
173,86,87,0.513615
6929,3464,3465,46.0036
1732,866,866,0.406216
173,86,87,0.588421
6929,3464,3465,51.1762
1732,866,866,0.330193
173,86,87,0.712047
6929,3464,3465,50.8681
1732,866,866,0.327703
173,86,87,0.507859
6929,3464,3465,40.6546
1732,866,866,0.430788
173,86,87,0.4746
6929,3464,3465,37.4955
1732,866,866,0.306505
173,86,87,0.55918
6929,3464,3465,45.7617
1732,866,866,0.379774
173,86,87,0.577495
6929,3464,3465,39.3953
1732,866,866,0.527916
173,86,87,0.551887
6929,3464,3465,46.9802
1732,866,866,0.368167
173,86,87,0.591167
6929,3464,3465,36.8307
1732,866,866,0.421276
173,86,87,0.581097
6929,3464,3465,38.7644
1732,866,866,0.308055
173,86,87,0.416526
6929,3464,3465,36.9001
1732,866,866,0.393784
173,86,87,0.670883
6929,3464,3465,61.4514
1732,866,866,0.438759
173,86,87,0.533933
6929,3464,3465,42.9421
1732,866,866,0.306583
173,86,87,0.644413
6929,3464,3465,47.8801
1732,866,866,0.343934
173,86,87,0.569068
6929,3464,3465,45.6029
1732,866,866,0.382509
173,86,87,0.501128
6929,3464,3465,41.1071
1732,866,866,0.339686
173,86,87,0.656499
6929,3464,3465,43.0142
1732,866,866,0.307573
173,86,87,0.68921
6929,3464,3465,39.3116
1732,866,866,0.280629
173,86,87,0.522507
6929,3464,3465,41.4062
1732,866,866,0.45885
173,86,87,0.529913
6929,3464,3465,42.4934
1732,866,866,0.478944
173,86,87,0.61312
6929,3464,3465,46.4627
1732,866,866,0.360413
173,86,87,0.593493
6929,3464,3465,37.2953
1732,866,866,0.444289
173,86,87,0.653047
6929,3464,3465,43.5425
1732,866,866,0.343867
173,86,87,0.533004
6929,3464,3465,42.7385
1732,866,866,0.420717
173,86,87,0.559606
6929,3464,3465,46.2217
1732,866,866,0.43469
173,86,87,0.708395
6929,3464,3465,43.1695
1732,866,866,0.346701
173,86,87,0.712891
6929,3464,3465,42.4824
1732,866,866,0.440672
173,86,87,0.522307
6929,3464,3465,39.623
1732,866,866,0.468621
173,86,87,0.547771
6929,3464,3465,45.324
1732,866,866,0.399998
173,86,87,0.605591
6929,3464,3465,41.6914
1732,866,866,0.369941
173,86,87,0.604497
6929,3464,3465,37.8863
1732,866,866,0.306058
173,86,87,0.518611
6929,3464,3465,42.2649
1732,866,866,0.293456
173,86,87,0.608733
6929,3464,3465,43.0685
1732,866,866,0.5026
173,86,87,0.529901
6929,3464,3465,41.8066
1732,866,866,0.318851
173,86,87,0.450709
6929,3464,3465,44.4768
1732,866,866,0.375366
173,86,87,0.516972
6929,3464,3465,43.4761
1732,866,866,0.410267
173,86,87,0.657207
6929,3464,3465,52.3598
1732,866,866,0.369212
173,86,87,0.50595
6929,3464,3465,43.216
1732,866,866,0.441076
173,86,87,0.699918
6929,3464,3465,41.9159
1732,866,866,0.320581
173,86,87,0.631409
6929,3464,3465,49.763
1732,866,866,0.301376
173,86,87,0.540012
6929,3464,3465,40.4081
1732,866,866,0.247867
173,86,87,0.650947
6929,3464,3465,41.6462
1732,866,866,0.406749
173,86,87,0.510268
6929,3464,3465,41.2815
1732,866,866,0.282443
173,86,87,0.657336
6929,3464,3465,51.3055
1732,866,866,0.422097
173,86,87,0.637341
6929,3464,3465,40.0392
1732,866,866,0.383106
173,86,87,0.709482
6929,3464,3465,37.9957
1732,866,866,0.305244
173,86,87,0.602114
6929,3464,3465,45.746
1732,866,866,0.367232
173,86,87,0.544277
6929,3464,3465,47.5292
1732,866,866,0.389238
173,86,87,0.521012
